,date,open,close,chage,vol,name
0,2020-03-18,32.05,32.5,0.78,'4,086,168','NaC Bank'
1,2020-03-17,31.0,32.25,5.74,'4,318,501','NaC Bank'
2,2020-03-16,32.7,30.5,-8.96,'6,984,405','NaC Bank'
3,2020-03-15,33.5,33.5,0.3,'3,017,976','NaC Bank'
4,2020-03-12,33.55,33.4,-3.61,'4,608,362','NaC Bank'
5,2020-03-11,36.45,34.65,-3.75,'3,778,084','NaC Bank'
6,2020-03-10,36.3,36.0,2.86,'11,494,593','NaC Bank'
7,2020-03-09,34.05,35.0,-7.41,'6,015,302','NaC Bank'
8,2020-03-08,38.15,37.8,-10.0,'6,417,631','NaC Bank'
9,2020-03-05,42.5,42.0,-0.71,'1,672,922','NaC Bank'
10,2020-03-04,42.5,42.3,-1.86,'2,119,351','NaC Bank'
11,2020-03-03,43.35,43.1,2.25,'2,119,142','NaC Bank'
12,2020-03-02,43.7,42.15,-0.82,'2,939,298','NaC Bank'
13,2020-03-01,43.0,42.5,-4.06,'1,802,650','NaC Bank'
14,2020-02-27,44.9,44.3,-2.42,'2,742,629','NaC Bank'
15,2020-02-26,45.0,45.4,0.0,'2,133,367','NaC Bank'
16,2020-02-25,45.0,45.4,0.55,'1,637,325','NaC Bank'
17,2020-02-24,46.0,45.15,-2.06,'1,771,696','NaC Bank'
18,2020-02-23,46.6,46.1,-1.28,'363,877','NaC Bank'
19,2020-02-20,46.5,46.7,0.43,'1,222,325','NaC Bank'
20,2020-02-19,46.0,46.5,1.31,'1,181,614','NaC Bank'
21,2020-02-18,45.9,45.9,-0.33,'495,920','NaC Bank'
22,2020-02-17,46.05,46.05,-0.32,'710,572','NaC Bank'
23,2020-02-16,46.35,46.2,-0.22,'377,947','NaC Bank'
24,2020-02-13,46.0,46.3,0.98,'1,063,517','NaC Bank'
25,2020-02-12,45.5,45.85,1.21,'1,640,171','NaC Bank'
26,2020-02-11,45.2,45.3,-0.98,'1,593,935','NaC Bank'
27,2020-02-10,45.2,45.75,1.22,'1,109,382','NaC Bank'
28,2020-02-09,46.2,45.2,-1.74,'1,688,525','NaC Bank'
29,2020-02-06,46.3,46.0,-0.11,'1,520,766','NaC Bank'
30,2020-03-19,20.0,20.64,2.18,'2,412,427','SuB Bank'
31,2020-03-18,19.02,20.2,5.32,'746,352','SuB Bank'
32,2020-03-17,19.0,19.18,3.9,'1,213,125','SuB Bank'
33,2020-03-16,19.9,18.46,-7.7,'1,727,476','SuB Bank'
34,2020-03-15,20.5,20.0,1.01,'1,411,621','SuB Bank'
35,2020-03-12,20.0,19.8,-3.41,'1,578,626','SuB Bank'
36,2020-03-11,22.2,20.5,-6.82,'1,261,491','SuB Bank'
37,2020-03-10,21.4,22.0,6.59,'3,907,202','SuB Bank'
38,2020-03-09,20.64,20.64,-9.95,'2,248,338','SuB Bank'
39,2020-03-08,23.0,22.92,-9.94,'2,662,266','SuB Bank'
40,2020-03-05,26.4,25.45,-2.86,'2,091,712','SuB Bank'
41,2020-03-04,27.0,26.2,-4.03,'2,504,398','SuB Bank'
42,2020-03-03,27.9,27.3,0.37,'1,351,403','SuB Bank'
43,2020-03-02,27.65,27.2,0.0,'1,182,108','SuB Bank'
44,2020-03-01,27.5,27.2,-3.55,'367,773','SuB Bank'
45,2020-02-27,27.5,28.2,2.55,'1,471,699','SuB Bank'
46,2020-02-26,27.5,27.5,-1.08,'1,036,581','SuB Bank'
47,2020-02-25,27.8,27.8,-0.89,'1,090,621','SuB Bank'
48,2020-02-24,28.7,28.05,-3.28,'795,424','SuB Bank'
49,2020-02-23,29.2,29.0,-0.51,'423,442','SuB Bank'
50,2020-02-20,29.15,29.15,0.17,'721,091','SuB Bank'
51,2020-02-19,28.4,29.1,1.75,'593,078','SuB Bank'
52,2020-02-18,28.6,28.6,-0.69,'606,825','SuB Bank'
53,2020-02-17,28.3,28.8,2.13,'1,630,095','SuB Bank'
54,2020-02-16,29.6,28.2,-4.73,'1,120,306','SuB Bank'
55,2020-02-13,29.8,29.6,-0.5,'580,358','SuB Bank'
56,2020-02-12,29.8,29.75,0.34,'573,068','SuB Bank'
57,2020-02-11,30.1,29.65,-1.33,'717,743','SuB Bank'
58,2020-02-10,29.8,30.05,1.01,'355,649','SuB Bank'
59,2020-02-09,31.35,29.75,-1.82,'350,866','SuB Bank'
60,2020-03-19,24.0,25.2,5.18,'2,464,573','BaSF Bank'
61,2020-03-18,23.0,23.96,3.45,'1,005,389','BaSF Bank'
62,2020-03-17,22.74,23.16,1.85,'2,284,021','BaSF Bank'
63,2020-03-16,24.52,22.74,-9.94,'2,551,133','BaSF Bank'
64,2020-03-15,26.65,25.25,-4.72,'630,650','BaSF Bank'
65,2020-03-12,26.0,26.5,-4.68,'1,754,662','BaSF Bank'
66,2020-03-11,28.3,27.8,-1.42,'570,631','BaSF Bank'
67,2020-03-10,28.15,28.2,1.99,'2,651,918','BaSF Bank'
68,2020-03-09,27.65,27.65,-9.93,'1,672,160','BaSF Bank'
69,2020-03-08,31.0,30.7,-9.97,'1,341,431','BaSF Bank'
70,2020-03-05,34.2,34.1,-1.59,'1,052,296','BaSF Bank'
71,2020-03-04,33.9,34.65,-0.14,'1,560,483','BaSF Bank'
72,2020-03-03,34.75,34.7,2.81,'920,566','BaSF Bank'
73,2020-03-02,34.2,33.75,-0.3,'1,382,574','BaSF Bank'
74,2020-03-01,33.0,33.85,-0.59,'318,841','BaSF Bank'
75,2020-02-27,33.05,34.05,1.34,'971,329','BaSF Bank'
76,2020-02-26,33.5,33.6,-0.15,'937,561','BaSF Bank'
77,2020-02-25,33.1,33.65,1.66,'1,384,848','BaSF Bank'
78,2020-02-24,34.15,33.1,-4.06,'1,410,965','BaSF Bank'
79,2020-02-23,34.8,34.5,-1.85,'947,566','BaSF Bank'
80,2020-02-20,36.3,35.15,-3.17,'915,764','BaSF Bank'
81,2020-02-19,36.1,36.3,0.55,'723,897','BaSF Bank'
82,2020-02-18,36.2,36.1,-0.55,'94,991','BaSF Bank'
83,2020-02-17,36.1,36.3,1.54,'412,337','BaSF Bank'
84,2020-02-16,35.75,35.75,-0.14,'171,259','BaSF Bank'
85,2020-02-13,35.55,35.8,0.7,'586,621','BaSF Bank'
86,2020-02-12,34.6,35.55,3.34,'448,406','BaSF Bank'
87,2020-02-11,34.45,34.4,-0.43,'890,004','BaSF Bank'
88,2020-02-10,34.0,34.55,1.77,'936,076','BaSF Bank'
89,2020-02-09,35.55,33.95,-2.44,'414,904','BaSF Bank'
90,2020-03-19,12.5,12.5,-3.99,'1,486,736','SaIn Bank'
91,2020-03-18,12.08,13.02,5.85,'124,059','SaIn Bank'
92,2020-03-17,12.0,12.3,2.16,'43,478','SaIn Bank'
93,2020-03-16,12.0,12.04,-2.11,'1,158,475','SaIn Bank'
94,2020-03-15,12.52,12.3,-2.69,'490,010','SaIn Bank'
95,2020-03-12,12.04,12.64,-2.62,'104,309','SaIn Bank'
96,2020-03-11,13.4,12.98,-3.13,'343,527','SaIn Bank'
97,2020-03-10,13.7,13.4,2.29,'421,031','SaIn Bank'
98,2020-03-09,13.1,13.1,-6.43,'205,510','SaIn Bank'
99,2020-03-08,14.22,14.0,-8.62,'59,190','SaIn Bank'
100,2020-03-05,15.32,15.32,-0.52,'5,387','SaIn Bank'
101,2020-03-04,15.4,15.4,-1.53,'40,398','SaIn Bank'
102,2020-03-03,15.46,15.64,1.03,'218,643','SaIn Bank'
103,2020-03-02,15.12,15.48,3.2,'175,863','SaIn Bank'
104,2020-03-01,15.5,15.0,-4.34,'96,062','SaIn Bank'
105,2020-02-27,15.7,15.68,-1.75,'54,022','SaIn Bank'
106,2020-02-26,15.88,15.96,0.63,'325,106','SaIn Bank'
107,2020-02-25,15.7,15.86,0.89,'44,618','SaIn Bank'
108,2020-02-24,16.0,15.72,-2.84,'125,505','SaIn Bank'
109,2020-02-23,16.18,16.18,-0.25,'38,920','SaIn Bank'
110,2020-02-20,16.4,16.22,-0.49,'26,515','SaIn Bank'
111,2020-02-19,16.18,16.3,0.87,'30,959','SaIn Bank'
112,2020-02-18,16.22,16.16,-0.37,'91,076','SaIn Bank'
113,2020-02-17,16.26,16.22,-0.12,'38,533','SaIn Bank'
114,2020-02-16,16.12,16.24,0.87,'30,296','SaIn Bank'
115,2020-02-13,16.34,16.1,-1.23,'136,084','SaIn Bank'
116,2020-02-12,16.26,16.3,0.12,'103,328','SaIn Bank'
117,2020-02-11,16.22,16.28,0.25,'78,987','SaIn Bank'
118,2020-02-10,16.6,16.24,-0.25,'76,540','SaIn Bank'
119,2020-02-09,16.26,16.28,-2.63,'21,423','SaIn Bank'
120,2020-03-19,16.5,17.36,6.24,'14,574,005','ArNa Bank'
121,2020-03-18,16.24,16.34,2.13,'875,457','ArNa Bank'
122,2020-03-17,16.02,16.0,-0.12,'1,375,423','ArNa Bank'
123,2020-03-16,17.0,16.02,-7.08,'2,780,856','ArNa Bank'
124,2020-03-15,18.8,17.24,-6.81,'1,611,431','ArNa Bank'
125,2020-03-12,18.88,18.5,-6.94,'2,057,348','ArNa Bank'
126,2020-03-11,20.5,19.88,-2.07,'1,640,029','ArNa Bank'
127,2020-03-10,20.22,20.3,2.32,'3,765,389','ArNa Bank'
128,2020-03-09,19.84,19.84,-9.98,'2,240,038','ArNa Bank'
129,2020-03-08,22.1,22.04,-9.97,'653,537','ArNa Bank'
130,2020-03-05,24.92,24.48,-1.45,'1,068,905','ArNa Bank'
131,2020-03-04,25.2,24.84,-3.35,'1,693,257','ArNa Bank'
132,2020-03-03,25.2,25.7,3.8,'1,110,870','ArNa Bank'
133,2020-03-02,24.6,24.76,-0.16,'1,797,570','ArNa Bank'
134,2020-03-01,24.64,24.8,-1.98,'559,015','ArNa Bank'
135,2020-02-27,25.0,25.3,1.2,'1,794,925','ArNa Bank'
136,2020-02-26,24.3,25.0,0.08,'1,625,129','ArNa Bank'
137,2020-02-25,24.18,24.98,2.38,'918,759','ArNa Bank'
138,2020-02-24,24.2,24.4,0.83,'1,258,928','ArNa Bank'
139,2020-02-23,24.6,24.2,-0.74,'288,612','ArNa Bank'
140,2020-02-20,24.54,24.38,-0.89,'958,372','ArNa Bank'
141,2020-02-19,24.26,24.6,1.4,'869,398','ArNa Bank'
142,2020-02-18,24.28,24.26,0.58,'200,202','ArNa Bank'
143,2020-02-17,24.24,24.12,-0.25,'1,507,669','ArNa Bank'
144,2020-02-16,24.38,24.18,-0.82,'517,826','ArNa Bank'
145,2020-02-13,24.6,24.38,-0.81,'952,118','ArNa Bank'
146,2020-02-12,25.0,24.58,-1.29,'1,786,997','ArNa Bank'
147,2020-02-11,24.68,24.9,0.48,'508,407','ArNa Bank'
148,2020-02-10,24.68,24.78,1.14,'425,530','ArNa Bank'
149,2020-02-09,25.25,24.5,-1.92,'230,999','ArNa Bank'
150,2020-03-19,18.8,19.4,2.75,'4,817,863','AbaD Bank'
151,2020-03-18,18.5,18.88,2.61,'2,450,741','AbaD Bank'
152,2020-03-17,18.64,18.4,-0.86,'6,304,768','AbaD Bank'
153,2020-03-16,19.0,18.56,-5.02,'1,932,845','AbaD Bank'
154,2020-03-15,21.1,19.54,-6.51,'1,726,487','AbaD Bank'
155,2020-03-12,20.5,20.9,-4.57,'1,894,244','AbaD Bank'
156,2020-03-11,22.32,21.9,-1.97,'1,979,851','AbaD Bank'
157,2020-03-10,21.0,22.34,9.08,'3,647,387','AbaD Bank'
158,2020-03-09,19.18,20.48,-3.76,'2,932,040','AbaD Bank'
159,2020-03-08,22.2,21.28,-9.06,'6,267,035','AbaD Bank'
160,2020-03-05,23.92,23.4,-1.76,'752,231','AbaD Bank'
161,2020-03-04,23.2,23.82,0.93,'1,715,560','AbaD Bank'
162,2020-03-03,23.6,23.6,4.61,'3,313,182','AbaD Bank'
163,2020-03-02,23.66,22.56,-1.48,'1,834,073','AbaD Bank'
164,2020-03-01,23.24,22.9,-4.42,'1,523,986','AbaD Bank'
165,2020-02-27,24.5,23.96,-2.44,'2,214,971','AbaD Bank'
166,2020-02-26,24.3,24.56,-0.32,'2,099,556','AbaD Bank'
167,2020-02-25,25.0,24.64,-1.44,'2,329,823','AbaD Bank'
168,2020-02-24,26.1,25.0,-4.4,'3,653,106','AbaD Bank'
169,2020-02-23,26.2,26.15,-0.95,'306,455','AbaD Bank'
170,2020-02-20,26.5,26.4,-0.38,'583,476','AbaD Bank'
171,2020-02-19,26.2,26.5,1.73,'349,743','AbaD Bank'
172,2020-02-18,26.2,26.05,-0.19,'211,487','AbaD Bank'
173,2020-02-17,26.0,26.1,0.38,'147,844','AbaD Bank'
174,2020-02-16,26.0,26.0,0.19,'223,128','AbaD Bank'
175,2020-02-13,26.55,25.95,-2.08,'685,984','AbaD Bank'
176,2020-02-12,26.5,26.5,0.19,'734,996','AbaD Bank'
177,2020-02-11,26.85,26.45,-1.49,'296,310','AbaD Bank'
178,2020-02-10,26.85,26.85,0.19,'502,222','AbaD Bank'
179,2020-02-09,27.25,26.8,-1.47,'348,708','AbaD Bank'
180,2020-03-19,10.46,10.7,1.13,'13,477,135','AlrA Bank'
181,2020-03-18,10.4,10.58,1.73,'10,263,949','AlrA Bank'
182,2020-03-17,10.18,10.4,2.16,'14,323,786','AlrA Bank'
183,2020-03-16,10.7,10.18,-6.61,'11,909,975','AlrA Bank'
184,2020-03-15,11.3,10.9,-1.8,'7,398,191','AlrA Bank'
185,2020-03-12,11.0,11.1,-3.48,'6,830,638','AlrA Bank'
186,2020-03-11,12.0,11.5,-3.36,'8,178,589','AlrA Bank'
187,2020-03-10,11.7,11.9,7.21,'11,205,164','AlrA Bank'
188,2020-03-09,10.82,11.1,-7.65,'10,810,446','AlrA Bank'
189,2020-03-08,13.0,12.02,-9.9,'14,498,899','AlrA Bank'
190,2020-03-05,13.58,13.34,-0.74,'4,678,488','AlrA Bank'
191,2020-03-04,13.4,13.44,-1.32,'4,554,804','AlrA Bank'
192,2020-03-03,13.72,13.62,1.34,'5,212,335','AlrA Bank'
193,2020-03-02,13.66,13.44,0.45,'3,966,944','AlrA Bank'
194,2020-03-01,13.7,13.38,-3.88,'4,036,864','AlrA Bank'
195,2020-02-27,14.06,13.92,-1.28,'3,062,825','AlrA Bank'
196,2020-02-26,14.2,14.1,-1.4,'4,158,529','AlrA Bank'
197,2020-02-25,14.08,14.3,0.99,'3,728,985','AlrA Bank'
198,2020-02-24,14.68,14.16,-3.67,'3,976,449','AlrA Bank'
199,2020-02-23,14.8,14.7,-1.08,'2,018,512','AlrA Bank'
200,2020-02-20,14.8,14.86,0.54,'3,872,666','AlrA Bank'
201,2020-02-19,14.5,14.78,1.93,'2,703,428','AlrA Bank'
202,2020-02-18,14.54,14.5,-0.28,'1,689,890','AlrA Bank'
203,2020-02-17,14.52,14.54,0.55,'1,669,315','AlrA Bank'
204,2020-02-16,14.5,14.46,-0.14,'1,063,564','AlrA Bank'
205,2020-02-13,14.5,14.48,-0.28,'2,156,616','AlrA Bank'
206,2020-02-12,14.64,14.52,-0.55,'3,219,643','AlrA Bank'
207,2020-02-11,14.76,14.6,-1.22,'2,051,336','AlrA Bank'
208,2020-02-10,14.74,14.78,0.27,'2,522,143','AlrA Bank'
209,2020-02-09,14.98,14.74,-1.73,'2,350,319','AlrA Bank'
210,2020-03-19,14.7,14.7,0.14,'8,110,933','RaD Bank'
211,2020-03-18,14.7,14.68,-0.41,'3,778,599','RaD Bank'
212,2020-03-17,14.28,14.74,3.51,'4,013,561','RaD Bank'
213,2020-03-16,15.0,14.24,-9.99,'6,168,671','RaD Bank'
214,2020-03-15,16.3,15.82,0.0,'1,710,450','RaD Bank'
215,2020-03-12,16.0,15.82,-4.58,'3,630,178','RaD Bank'
216,2020-03-11,17.08,16.58,-1.89,'4,075,890','RaD Bank'
217,2020-03-10,17.5,16.9,0.96,'10,044,037','RaD Bank'
218,2020-03-09,16.74,16.74,-9.9,'4,503,537','RaD Bank'
219,2020-03-08,18.62,18.58,-9.98,'3,441,534','RaD Bank'
220,2020-03-05,20.94,20.64,-0.48,'801,557','RaD Bank'
221,2020-03-04,20.5,20.74,-2.81,'2,346,913','RaD Bank'
222,2020-03-03,21.4,21.34,3.19,'1,244,258','RaD Bank'
223,2020-03-02,21.28,20.68,-1.05,'2,361,462','RaD Bank'
224,2020-03-01,21.5,20.9,-4.65,'1,998,018','RaD Bank'
225,2020-02-27,22.2,21.92,-1.26,'2,020,572','RaD Bank'
226,2020-02-26,22.1,22.2,0.0,'2,059,541','RaD Bank'
227,2020-02-25,22.1,22.2,0.45,'1,108,241','RaD Bank'
228,2020-02-24,22.6,22.1,-2.21,'1,280,234','RaD Bank'
229,2020-02-23,22.96,22.6,-0.96,'559,123','RaD Bank'
230,2020-02-20,23.16,22.82,-0.61,'1,687,345','RaD Bank'
231,2020-02-19,22.6,22.96,1.59,'1,086,396','RaD Bank'
232,2020-02-18,22.88,22.6,-0.44,'426,523','RaD Bank'
233,2020-02-17,22.74,22.7,0.44,'974,434','RaD Bank'
234,2020-02-16,22.6,22.6,0.0,'233,952','RaD Bank'
235,2020-02-13,22.62,22.6,-0.26,'1,078,100','RaD Bank'
236,2020-02-12,22.52,22.66,1.52,'2,329,640','RaD Bank'
237,2020-02-11,22.98,22.32,-2.11,'2,217,665','RaD Bank'
238,2020-02-10,22.9,22.8,-0.26,'826,036','RaD Bank'
239,2020-02-09,23.14,22.86,-0.87,'1,257,785','RaD Bank'
240,2020-03-19,19.96,20.0,-0.4,'5,543,462','SbA Bank'
241,2020-03-18,19.24,20.08,3.51,'1,916,904','SbA Bank'
242,2020-03-17,18.42,19.4,5.43,'2,114,082','SbA Bank'
243,2020-03-16,19.0,18.4,-5.15,'3,315,926','SbA Bank'
244,2020-03-15,19.84,19.4,1.15,'2,802,256','SbA Bank'
245,2020-03-12,19.0,19.18,-5.52,'3,153,956','SbA Bank'
246,2020-03-11,21.2,20.3,-3.33,'3,720,813','SbA Bank'
247,2020-03-10,21.3,21.0,2.84,'5,367,337','SbA Bank'
248,2020-03-09,20.42,20.42,-9.96,'5,247,217','SbA Bank'
249,2020-03-08,23.9,22.68,-10.0,'5,113,362','SbA Bank'
250,2020-03-05,26.05,25.2,-2.14,'2,138,708','SbA Bank'
251,2020-03-04,26.1,25.75,-4.1,'3,673,243','SbA Bank'
252,2020-03-03,26.1,26.85,4.88,'2,845,555','SbA Bank'
253,2020-03-02,26.2,25.6,-0.97,'2,334,132','SbA Bank'
254,2020-03-01,26.05,25.85,-3.72,'2,653,998','SbA Bank'
255,2020-02-27,26.6,26.85,-0.37,'2,817,651','SbA Bank'
256,2020-02-26,27.5,26.95,-3.23,'3,215,030','SbA Bank'
257,2020-02-25,27.2,27.85,1.64,'1,682,519','SbA Bank'
258,2020-02-24,27.95,27.4,-2.14,'1,332,895','SbA Bank'
259,2020-02-23,28.4,28.0,-1.75,'832,881','SbA Bank'
260,2020-02-20,28.65,28.5,0.0,'1,449,480','SbA Bank'
261,2020-02-19,28.1,28.5,1.79,'1,259,604','SbA Bank'
262,2020-02-18,28.1,28.0,-0.71,'600,306','SbA Bank'
263,2020-02-17,28.35,28.2,-0.18,'678,530','SbA Bank'
264,2020-02-16,28.3,28.25,-0.35,'456,764','SbA Bank'
265,2020-02-13,28.5,28.35,-0.7,'1,372,989','SbA Bank'
266,2020-02-12,28.0,28.55,1.96,'2,695,663','SbA Bank'
267,2020-02-11,28.0,28.0,0.0,'2,965,007','SbA Bank'
268,2020-02-10,27.8,28.0,1.08,'883,593','SbA Bank'
269,2020-02-09,28.45,27.7,-2.12,'1,420,948','SbA Bank'
270,2020-03-19,51.9,52.7,1.35,'15,499,547','ARi Bank'
271,2020-03-18,51.8,52.0,0.39,'12,228,733','ARi Bank'
272,2020-03-17,51.0,51.8,1.57,'9,816,888','ARi Bank'
273,2020-03-16,52.6,51.0,-4.85,'15,106,663','ARi Bank'
274,2020-03-15,55.0,53.6,-1.11,'10,594,639','ARi Bank'
275,2020-03-12,53.6,54.2,-1.45,'17,502,666','ARi Bank'
276,2020-03-11,57.0,55.0,-3.0,'14,501,851','ARi Bank'
277,2020-03-10,56.8,56.7,8.83,'19,112,290','ARi Bank'
278,2020-03-09,51.2,52.1,-8.11,'18,294,922','ARi Bank'
279,2020-03-08,56.2,56.7,-7.05,'18,509,153','ARi Bank'
280,2020-03-05,61.7,61.0,-0.49,'8,101,466','ARi Bank'
281,2020-03-04,60.2,61.3,-0.65,'9,326,748','ARi Bank'
282,2020-03-03,61.0,61.7,3.35,'8,509,603','ARi Bank'
283,2020-03-02,60.7,59.7,0.34,'11,089,823','ARi Bank'
284,2020-03-01,60.0,59.5,-3.88,'10,265,006','ARi Bank'
285,2020-02-27,62.1,61.9,-1.43,'7,798,349','ARi Bank'
286,2020-02-26,62.5,62.8,-0.32,'6,682,475','ARi Bank'
287,2020-02-25,63.0,63.0,0.16,'5,904,558','ARi Bank'
288,2020-02-24,65.0,62.9,-3.68,'7,461,220','ARi Bank'
289,2020-02-23,65.5,65.3,-0.31,'4,173,511','ARi Bank'
290,2020-02-20,65.0,65.5,0.92,'4,209,721','ARi Bank'
291,2020-02-19,64.2,64.9,1.41,'2,834,827','ARi Bank'
292,2020-02-18,64.1,64.0,0.0,'2,845,010','ARi Bank'
293,2020-02-17,64.0,64.0,0.31,'3,350,616','ARi Bank'
294,2020-02-16,63.6,63.8,0.31,'3,151,386','ARi Bank'
295,2020-02-13,63.9,63.6,-0.47,'6,350,341','ARi Bank'
296,2020-02-12,63.0,63.9,1.27,'4,219,334','ARi Bank'
297,2020-02-11,63.9,63.1,-2.62,'10,663,834','ARi Bank'
298,2020-02-10,65.0,64.8,-0.15,'4,513,199','ARi Bank'
299,2020-02-09,66.3,64.9,-1.67,'4,669,184','ARi Bank'
300,2020-03-19,11.4,12.0,4.17,'3,807,571','C Cement'
301,2020-03-18,11.2,11.52,1.23,'2,993,736','C Cement'
302,2020-03-17,10.92,11.38,3.45,'2,570,185','C Cement'
303,2020-03-16,10.74,11.0,-4.51,'6,838,582','C Cement'
304,2020-03-15,12.84,11.52,-10.0,'6,972,923','C Cement'
305,2020-03-12,12.9,12.8,-9.99,'6,650,585','C Cement'
306,2020-03-11,15.8,14.22,-10.0,'3,997,249','C Cement'
307,2020-03-10,16.18,15.8,5.05,'3,710,200','C Cement'
308,2020-03-09,14.62,15.04,-7.39,'2,216,721','C Cement'
309,2020-03-08,16.24,16.24,-9.98,'1,267,211','C Cement'
310,2020-03-05,18.0,18.04,1.58,'1,066,405','C Cement'
311,2020-03-04,17.1,17.76,1.6,'851,375','C Cement'
312,2020-03-03,16.54,17.48,7.37,'919,505','C Cement'
313,2020-03-02,16.32,16.28,1.75,'907,365','C Cement'
314,2020-03-01,16.58,16.0,-6.1,'1,126,824','C Cement'
315,2020-02-27,17.74,17.04,-4.27,'823,080','C Cement'
316,2020-02-26,18.16,17.8,-2.84,'907,388','C Cement'
317,2020-02-25,18.4,18.32,-0.97,'278,012','C Cement'
318,2020-02-24,18.8,18.5,-1.91,'588,024','C Cement'
319,2020-02-23,19.16,18.86,-1.46,'511,824','C Cement'
320,2020-02-20,19.04,19.14,0.53,'417,523','C Cement'
321,2020-02-19,18.8,19.04,1.28,'203,403','C Cement'
322,2020-02-18,19.08,18.8,-1.47,'419,032','C Cement'
323,2020-02-17,18.96,19.08,0.95,'375,290','C Cement'
324,2020-02-16,19.0,18.9,-0.53,'273,148','C Cement'
325,2020-02-13,19.12,19.0,-0.21,'361,183','C Cement'
326,2020-02-12,19.2,19.04,-1.86,'386,053','C Cement'
327,2020-02-11,19.62,19.4,-0.82,'469,561','C Cement'
328,2020-02-10,19.14,19.56,2.19,'578,611','C Cement'
329,2020-02-09,19.72,19.14,-2.94,'632,237','C Cement'
330,2020-03-19,43.75,44.2,0.23,'1,114,149','S Cement'
331,2020-03-18,44.0,44.1,-0.9,'627,707','S Cement'
332,2020-03-17,44.55,44.5,1.6,'462,656','S Cement'
333,2020-03-16,48.1,43.8,-9.22,'486,148','S Cement'
334,2020-03-15,51.0,48.25,-2.43,'279,435','S Cement'
335,2020-03-12,49.2,49.45,-3.42,'334,162','S Cement'
336,2020-03-11,54.1,51.2,-3.58,'305,977','S Cement'
337,2020-03-10,52.8,53.1,8.37,'459,961','S Cement'
338,2020-03-09,47.7,49.0,-7.55,'489,316','S Cement'
339,2020-03-08,53.0,53.0,-9.86,'658,244','S Cement'
340,2020-03-05,59.5,58.8,-0.17,'293,150','S Cement'
341,2020-03-04,58.8,58.9,0.68,'633,665','S Cement'
342,2020-03-03,58.6,58.5,2.27,'378,708','S Cement'
343,2020-03-02,59.8,57.2,-2.89,'231,949','S Cement'
344,2020-03-01,60.4,58.9,-3.44,'219,945','S Cement'
345,2020-02-27,61.4,61.0,-0.81,'160,357','S Cement'
346,2020-02-26,61.9,61.5,-0.81,'230,347','S Cement'
347,2020-02-25,61.5,62.0,0.81,'161,812','S Cement'
348,2020-02-24,62.8,61.5,-1.6,'215,703','S Cement'
349,2020-02-23,62.5,62.5,0.16,'167,800','S Cement'
350,2020-02-20,64.2,62.4,-2.5,'261,807','S Cement'
351,2020-02-19,63.8,64.0,0.47,'202,791','S Cement'
352,2020-02-18,63.8,63.7,-0.16,'133,379','S Cement'
353,2020-02-17,64.0,63.8,-0.31,'149,932','S Cement'
354,2020-02-16,64.3,64.0,-0.31,'64,823','S Cement'
355,2020-02-13,64.1,64.2,0.47,'204,358','S Cement'
356,2020-02-12,64.5,63.9,0.0,'406,878','S Cement'
357,2020-02-11,65.0,63.9,-1.69,'441,693','S Cement'
358,2020-02-10,65.0,65.0,0.0,'383,531','S Cement'
359,2020-02-09,65.3,65.0,-0.61,'106,957','S Cement'
360,2020-03-19,16.8,17.1,0.59,'1,405,264','Y Cement'
361,2020-03-18,16.56,17.0,0.35,'415,205','Y Cement'
362,2020-03-17,17.42,16.94,2.67,'548,765','Y Cement'
363,2020-03-16,17.26,16.5,-5.17,'683,820','Y Cement'
364,2020-03-15,18.1,17.4,-3.33,'859,399','Y Cement'
365,2020-03-12,17.8,18.0,-3.23,'918,675','Y Cement'
366,2020-03-11,20.04,18.6,-6.81,'1,531,967','Y Cement'
367,2020-03-10,20.0,19.96,4.61,'1,939,236','Y Cement'
368,2020-03-09,18.64,19.08,-7.83,'773,220','Y Cement'
369,2020-03-08,21.5,20.7,-9.92,'1,043,537','Y Cement'
370,2020-03-05,23.32,22.98,-0.09,'864,947','Y Cement'
371,2020-03-04,22.72,23.0,0.88,'1,622,667','Y Cement'
372,2020-03-03,22.4,22.8,2.89,'1,228,109','Y Cement'
373,2020-03-02,22.46,22.16,-1.34,'803,594','Y Cement'
374,2020-03-01,23.3,22.46,-6.1,'569,111','Y Cement'
375,2020-02-27,24.7,23.92,-3.94,'541,942','Y Cement'
376,2020-02-26,25.2,24.9,-1.97,'595,464','Y Cement'
377,2020-02-25,25.05,25.4,0.0,'388,007','Y Cement'
378,2020-02-24,25.9,25.4,-1.93,'500,622','Y Cement'
379,2020-02-23,26.35,25.9,-1.33,'497,173','Y Cement'
380,2020-02-20,26.45,26.25,-1.32,'578,653','Y Cement'
381,2020-02-19,26.4,26.6,0.76,'300,804','Y Cement'
382,2020-02-18,26.2,26.4,0.57,'251,473','Y Cement'
383,2020-02-17,26.25,26.25,0.0,'345,322','Y Cement'
384,2020-02-16,26.7,26.25,-0.94,'394,288','Y Cement'
385,2020-02-13,27.0,26.5,-1.3,'272,955','Y Cement'
386,2020-02-12,27.0,26.85,-0.56,'819,528','Y Cement'
387,2020-02-11,27.5,27.0,0.37,'876,864','Y Cement'
388,2020-02-10,26.8,26.9,0.94,'605,610','Y Cement'
389,2020-02-09,27.2,26.65,-3.27,'641,510','Y Cement'
390,2020-03-19,8.69,8.94,1.48,'2,183,328','N Cement'
391,2020-03-18,8.79,8.81,0.11,'1,898,856','N Cement'
392,2020-03-17,8.5,8.8,1.73,'1,340,318','N Cement'
393,2020-03-16,9.0,8.65,-6.59,'1,271,134','N Cement'
394,2020-03-15,9.75,9.26,-2.42,'1,303,999','N Cement'
395,2020-03-12,9.2,9.49,-6.23,'1,548,042','N Cement'
396,2020-03-11,10.24,10.12,0.0,'2,090,394','N Cement'
397,2020-03-10,9.88,10.12,10.0,'1,829,388','N Cement'
398,2020-03-09,9.13,9.2,-9.27,'2,616,947','N Cement'
399,2020-03-08,10.5,10.14,-9.95,'2,514,860','N Cement'
400,2020-03-05,11.54,11.26,-1.4,'1,919,554','N Cement'
401,2020-03-04,11.26,11.42,-0.7,'1,687,536','N Cement'
402,2020-03-03,11.06,11.5,5.31,'2,055,137','N Cement'
403,2020-03-02,11.02,10.92,1.11,'1,966,200','N Cement'
404,2020-03-01,11.0,10.8,-6.25,'2,271,166','N Cement'
405,2020-02-27,11.76,11.52,-3.19,'1,413,557','N Cement'
406,2020-02-26,11.88,11.9,-0.34,'1,232,188','N Cement'
407,2020-02-25,12.0,11.94,1.53,'2,534,785','N Cement'
408,2020-02-24,12.08,11.76,-3.61,'1,800,467','N Cement'
409,2020-02-23,12.18,12.2,0.0,'939,827','N Cement'
410,2020-02-20,12.18,12.2,0.66,'1,992,805','N Cement'
411,2020-02-19,11.98,12.12,1.34,'944,790','N Cement'
412,2020-02-18,12.1,11.96,-1.16,'1,080,070','N Cement'
413,2020-02-17,12.04,12.1,0.83,'801,443','N Cement'
414,2020-02-16,12.14,12.0,-0.83,'1,683,785','N Cement'
415,2020-02-13,12.56,12.1,-3.51,'2,086,920','N Cement'
416,2020-02-12,12.58,12.54,0.64,'2,496,961','N Cement'
417,2020-02-11,12.24,12.46,2.47,'1,936,063','N Cement'
418,2020-02-10,12.0,12.16,1.84,'1,954,655','N Cement'
419,2020-02-09,12.3,11.94,-3.08,'2,667,143','N Cement'
420,2020-03-19,25.1,25.2,-0.98,'933,888','YbU Cement'
421,2020-03-18,25.0,25.45,1.8,'297,240','YbU Cement'
422,2020-03-17,24.5,25.0,4.17,'260,537','YbU Cement'
423,2020-03-16,25.1,24.0,-6.25,'421,906','YbU Cement'
424,2020-03-15,27.0,25.6,-3.03,'599,773','YbU Cement'
425,2020-03-12,26.5,26.4,-8.65,'1,118,102','YbU Cement'
426,2020-03-11,30.9,28.9,-6.02,'713,545','YbU Cement'
427,2020-03-10,30.0,30.75,7.71,'714,576','YbU Cement'
428,2020-03-09,28.55,28.55,-9.94,'936,887','YbU Cement'
429,2020-03-08,32.0,31.7,-9.43,'621,608','YbU Cement'
430,2020-03-05,35.3,35.0,1.01,'350,097','YbU Cement'
431,2020-03-04,34.9,34.65,-0.72,'495,688','YbU Cement'
432,2020-03-03,35.0,34.9,0.72,'567,632','YbU Cement'
433,2020-03-02,35.6,34.65,-3.75,'488,346','YbU Cement'
434,2020-03-01,35.15,36.0,-2.44,'681,942','YbU Cement'
435,2020-02-27,37.4,36.9,-3.4,'155,097','YbU Cement'
436,2020-02-26,37.9,38.2,-1.04,'163,051','YbU Cement'
437,2020-02-25,36.15,38.6,1.58,'330,950','YbU Cement'
438,2020-02-24,39.5,38.0,-4.28,'238,101','YbU Cement'
439,2020-02-23,40.25,39.7,-1.37,'408,098','YbU Cement'
440,2020-02-20,39.85,40.25,0.0,'125,257','YbU Cement'
441,2020-02-19,39.8,40.25,0.63,'70,534','YbU Cement'
442,2020-02-18,40.0,40.0,-0.5,'21,823','YbU Cement'
443,2020-02-17,40.1,40.2,0.37,'174,567','YbU Cement'
444,2020-02-16,39.8,40.05,-0.12,'84,916','YbU Cement'
445,2020-02-13,39.6,40.1,1.26,'139,798','YbU Cement'
446,2020-02-12,39.0,39.6,1.8,'438,175','YbU Cement'
447,2020-02-11,39.0,38.9,0.52,'674,686','YbU Cement'
448,2020-02-10,38.7,38.7,0.39,'412,891','YbU Cement'
449,2020-02-09,39.4,38.55,-2.16,'338,514','YbU Cement'
450,2020-03-19,10.46,10.56,0.38,'1,617,243','T Cement'
451,2020-03-18,10.88,10.52,-1.5,'583,924','T Cement'
452,2020-03-17,10.2,10.68,4.3,'329,995','T Cement'
453,2020-03-16,10.94,10.24,-6.57,'474,289','T Cement'
454,2020-03-15,11.22,10.96,-1.62,'433,171','T Cement'
455,2020-03-12,10.98,11.14,-4.62,'880,244','T Cement'
456,2020-03-11,12.46,11.68,-6.56,'1,478,450','T Cement'
457,2020-03-10,12.98,12.5,5.4,'2,326,949','T Cement'
458,2020-03-09,11.84,11.86,-9.74,'573,776','T Cement'
459,2020-03-08,13.32,13.14,-10.0,'909,222','T Cement'
460,2020-03-05,14.98,14.6,-1.62,'723,913','T Cement'
461,2020-03-04,14.58,14.84,1.78,'497,496','T Cement'
462,2020-03-03,14.12,14.58,5.04,'868,985','T Cement'
463,2020-03-02,14.8,13.88,-3.34,'853,043','T Cement'
464,2020-03-01,15.5,14.36,-8.65,'864,164','T Cement'
465,2020-02-27,16.3,15.72,-4.61,'293,422','T Cement'
466,2020-02-26,16.44,16.48,-0.24,'305,738','T Cement'
467,2020-02-25,16.52,16.52,-1.2,'402,341','T Cement'
468,2020-02-24,17.32,16.72,-4.89,'423,125','T Cement'
469,2020-02-23,17.22,17.58,1.97,'442,067','T Cement'
470,2020-02-20,17.46,17.24,-0.81,'152,354','T Cement'
471,2020-02-19,17.4,17.38,-0.11,'148,358','T Cement'
472,2020-02-18,17.26,17.4,0.93,'107,801','T Cement'
473,2020-02-17,16.9,17.24,1.41,'166,841','T Cement'
474,2020-02-16,17.0,17.0,-0.47,'306,223','T Cement'
475,2020-02-13,17.48,17.08,-1.16,'765,661','T Cement'
476,2020-02-12,16.44,17.28,3.6,'970,162','T Cement'
477,2020-02-11,16.3,16.68,1.71,'340,878','T Cement'
478,2020-02-10,16.24,16.4,1.36,'843,830','T Cement'
479,2020-02-09,16.7,16.18,-3.8,'920,297','T Cement'
480,2020-03-19,8.88,9.11,0.77,'5,866,841','H Cement'
481,2020-03-18,8.85,9.04,1.01,'3,279,999','H Cement'
482,2020-03-17,8.8,8.95,0.9,'5,252,383','H Cement'
483,2020-03-16,9.18,8.87,-6.63,'3,143,762','H Cement'
484,2020-03-15,10.24,9.5,-7.59,'3,060,131','H Cement'
485,2020-03-12,10.02,10.28,-6.2,'4,281,478','H Cement'
486,2020-03-11,12.0,10.96,-7.12,'3,907,881','H Cement'
487,2020-03-10,11.84,11.8,9.46,'3,042,054','H Cement'
488,2020-03-09,10.74,10.78,-9.56,'1,561,629','H Cement'
489,2020-03-08,12.08,11.92,-9.97,'1,703,268','H Cement'
490,2020-03-05,13.7,13.24,-1.93,'1,389,478','H Cement'
491,2020-03-04,13.3,13.5,0.0,'1,295,743','H Cement'
492,2020-03-03,12.7,13.5,8.87,'1,721,380','H Cement'
493,2020-03-02,12.6,12.4,1.31,'985,877','H Cement'
494,2020-03-01,12.72,12.24,-7.13,'1,145,314','H Cement'
495,2020-02-27,13.66,13.18,-3.94,'781,215','H Cement'
496,2020-02-26,13.8,13.72,-1.58,'655,509','H Cement'
497,2020-02-25,13.74,13.94,0.58,'639,341','H Cement'
498,2020-02-24,14.46,13.86,-4.55,'1,558,407','H Cement'
499,2020-02-23,14.7,14.52,-1.22,'1,088,189','H Cement'
500,2020-02-20,14.78,14.7,0.14,'1,086,707','H Cement'
501,2020-02-19,14.58,14.68,0.55,'586,285','H Cement'
502,2020-02-18,14.6,14.6,-0.27,'759,398','H Cement'
503,2020-02-17,14.56,14.64,0.83,'777,992','H Cement'
504,2020-02-16,14.6,14.52,-0.55,'921,802','H Cement'
505,2020-02-13,14.8,14.6,-0.68,'2,337,326','H Cement'
506,2020-02-12,14.38,14.7,2.8,'3,068,449','H Cement'
507,2020-02-11,13.64,14.3,6.88,'2,414,101','H Cement'
508,2020-02-10,13.18,13.38,1.36,'2,060,243','H Cement'
509,2020-02-09,13.92,13.2,-5.58,'2,072,639','H Cement'
510,2020-03-19,7.78,7.89,1.28,'3,107,615','JF Cement'
511,2020-03-18,7.82,7.79,0.52,'2,609,183','JF Cement'
512,2020-03-17,7.65,7.75,1.57,'1,801,810','JF Cement'
513,2020-03-16,7.9,7.63,-4.39,'1,747,307','JF Cement'
514,2020-03-15,8.27,7.98,-0.62,'2,031,656','JF Cement'
515,2020-03-12,7.99,8.03,-1.35,'2,419,672','JF Cement'
516,2020-03-11,8.55,8.14,-4.46,'4,090,894','JF Cement'
517,2020-03-10,8.02,8.52,9.94,'3,933,436','JF Cement'
518,2020-03-09,7.63,7.75,-8.5,'2,786,383','JF Cement'
519,2020-03-08,8.89,8.47,-9.89,'2,533,300','JF Cement'
520,2020-03-05,9.59,9.4,-0.63,'1,967,324','JF Cement'
521,2020-03-04,9.35,9.46,-0.63,'2,952,314','JF Cement'
522,2020-03-03,9.16,9.52,5.31,'3,527,293','JF Cement'
523,2020-03-02,9.08,9.04,0.67,'2,110,096','JF Cement'
524,2020-03-01,9.2,8.98,-5.37,'2,583,945','JF Cement'
525,2020-02-27,9.67,9.49,-2.47,'1,833,792','JF Cement'
526,2020-02-26,9.66,9.73,-1.02,'1,527,604','JF Cement'
527,2020-02-25,9.68,9.83,1.03,'3,082,462','JF Cement'
528,2020-02-24,10.16,9.73,-4.61,'3,291,482','JF Cement'
529,2020-02-23,10.3,10.2,-0.78,'1,365,856','JF Cement'
530,2020-02-20,10.26,10.28,0.39,'2,431,915','JF Cement'
531,2020-02-19,10.08,10.24,1.99,'1,244,841','JF Cement'
532,2020-02-18,10.14,10.04,-0.79,'1,053,315','JF Cement'
533,2020-02-17,10.08,10.12,0.6,'1,226,540','JF Cement'
534,2020-02-16,10.2,10.06,-1.18,'2,441,165','JF Cement'
535,2020-02-13,10.62,10.18,-3.23,'3,424,421','JF Cement'
536,2020-02-12,10.58,10.52,-0.57,'3,721,966','JF Cement'
537,2020-02-11,10.36,10.58,2.72,'3,459,376','JF Cement'
538,2020-02-10,10.2,10.3,1.18,'3,173,409','JF Cement'
539,2020-02-09,10.32,10.18,-1.93,'3,745,214','JF Cement'
540,2020-03-19,14.6,15.14,1.07,'2,220,495','QA Cement'
541,2020-03-18,14.36,14.98,1.9,'2,291,907','QA Cement'
542,2020-03-17,14.28,14.7,2.65,'3,504,077','QA Cement'
543,2020-03-16,15.22,14.32,-9.94,'3,377,732','QA Cement'
544,2020-03-15,17.4,15.9,-5.24,'2,486,688','QA Cement'
545,2020-03-12,16.78,16.78,-9.98,'4,653,870','QA Cement'
546,2020-03-11,20.68,18.64,-9.95,'3,505,430','QA Cement'
547,2020-03-10,20.7,20.7,4.55,'4,661,416','QA Cement'
548,2020-03-09,19.8,19.8,-9.92,'1,627,400','QA Cement'
549,2020-03-08,22.5,21.98,-9.99,'1,698,009','QA Cement'
550,2020-03-05,25.4,24.42,-2.32,'706,475','QA Cement'
551,2020-03-04,24.2,25.0,1.63,'1,173,793','QA Cement'
552,2020-03-03,23.24,24.6,6.68,'1,223,218','QA Cement'
553,2020-03-02,23.8,23.06,0.26,'1,584,294','QA Cement'
554,2020-03-01,21.98,23.0,-5.81,'2,640,494','QA Cement'
555,2020-02-27,25.7,24.42,-6.79,'1,803,066','QA Cement'
556,2020-02-26,27.8,26.2,-5.24,'1,660,281','QA Cement'
557,2020-02-25,27.9,27.65,-0.9,'382,537','QA Cement'
558,2020-02-24,28.45,27.9,-1.93,'553,051','QA Cement'
559,2020-02-23,28.25,28.45,0.89,'511,132','QA Cement'
560,2020-02-20,27.25,28.2,4.25,'1,531,632','QA Cement'
561,2020-02-19,26.5,27.05,2.08,'667,627','QA Cement'
562,2020-02-18,26.95,26.5,-1.49,'456,519','QA Cement'
563,2020-02-17,26.75,26.9,0.56,'294,574','QA Cement'
564,2020-02-16,27.2,26.75,-2.01,'598,317','QA Cement'
565,2020-02-13,27.9,27.3,-1.8,'733,940','QA Cement'
566,2020-02-12,28.45,27.8,-1.77,'536,789','QA Cement'
567,2020-02-11,28.7,28.3,-0.18,'595,250','QA Cement'
568,2020-02-10,27.8,28.35,2.72,'991,383','QA Cement'
569,2020-02-09,29.0,27.6,-4.83,'981,872','QA Cement'
570,2020-03-19,23.7,24.0,0.08,'579,229','AN Cement'
571,2020-03-18,23.34,23.98,0.76,'383,976','AN Cement'
572,2020-03-17,23.48,23.8,0.0,'461,109','AN Cement'
573,2020-03-16,23.36,23.8,0.42,'693,083','AN Cement'
574,2020-03-15,27.2,23.7,-8.67,'791,069','AN Cement'
575,2020-03-12,25.9,25.95,-6.99,'645,332','AN Cement'
576,2020-03-11,29.0,27.9,-2.11,'704,039','AN Cement'
577,2020-03-10,29.0,28.5,5.75,'612,000','AN Cement'
578,2020-03-09,26.95,26.95,-9.87,'577,985','AN Cement'
579,2020-03-08,31.0,29.9,-9.94,'462,780','AN Cement'
580,2020-03-05,33.5,33.2,0.0,'392,529','AN Cement'
581,2020-03-04,33.0,33.2,0.91,'440,142','AN Cement'
582,2020-03-03,32.9,32.9,2.17,'454,632','AN Cement'
583,2020-03-02,33.05,32.2,0.63,'544,893','AN Cement'
584,2020-03-01,32.4,32.0,-5.04,'500,469','AN Cement'
585,2020-02-27,34.3,33.7,-3.02,'210,253','AN Cement'
586,2020-02-26,34.15,34.75,-0.71,'208,834','AN Cement'
587,2020-02-25,34.5,35.0,0.0,'132,864','AN Cement'
588,2020-02-24,35.85,35.0,-2.78,'230,582','AN Cement'
589,2020-02-23,36.7,36.0,-2.17,'177,918','AN Cement'
590,2020-02-20,36.85,36.8,0.41,'122,984','AN Cement'
591,2020-02-19,36.5,36.65,0.96,'188,214','AN Cement'
592,2020-02-18,36.4,36.3,-0.27,'83,285','AN Cement'
593,2020-02-17,36.2,36.4,0.28,'369,435','AN Cement'
594,2020-02-16,36.3,36.3,-0.14,'79,358','AN Cement'
595,2020-02-13,37.05,36.35,-1.22,'126,615','AN Cement'
596,2020-02-12,37.1,36.8,-0.41,'92,457','AN Cement'
597,2020-02-11,37.5,36.95,-1.47,'280,506','AN Cement'
598,2020-02-10,37.7,37.5,-0.53,'206,237','AN Cement'
599,2020-02-09,38.05,37.7,-2.08,'362,146','AN Cement'
